CustomerID,FirstName,LastName,Phone,Email,RegistrationDate
1,Name1,Last1,506407487,user1@mail.com,25/07/2023
2,Name2,Last2,508198559,user2@mail.com,25/08/2024
3,Name3,Last3,501269527,user3@mail.com,10/04/2022
4,Name4,Last4,505615537,user4@mail.com,13/03/2023
5,Name5,Last5,506585873,user5@mail.com,15/07/2022
6,Name6,Last6,504555985,user6@mail.com,03/05/2024
7,Name7,Last7,509453573,user7@mail.com,08/10/2023
8,Name8,Last8,504574941,user8@mail.com,24/03/2024
9,Name9,Last9,507578034,user9@mail.com,27/11/2022
10,Name10,Last10,502637730,user10@mail.com,17/04/2024
11,Name11,Last11,504729814,user11@mail.com,16/09/2023
12,Name12,Last12,509820496,user12@mail.com,25/02/2024
13,Name13,Last13,502022798,user13@mail.com,17/05/2022
14,Name14,Last14,507055602,user14@mail.com,24/11/2022
15,Name15,Last15,505524627,user15@mail.com,16/05/2022
16,Name16,Last16,508760152,user16@mail.com,05/07/2023
17,Name17,Last17,501394540,user17@mail.com,29/10/2024
18,Name18,Last18,502677157,user18@mail.com,16/04/2022
19,Name19,Last19,505489121,user19@mail.com,12/05/2022
20,Name20,Last20,509125149,user20@mail.com,25/01/2024
21,Name21,Last21,502663432,user21@mail.com,05/04/2024
22,Name22,Last22,503471557,user22@mail.com,30/08/2024
23,Name23,Last23,501913417,user23@mail.com,23/05/2022
24,Name24,Last24,506193801,user24@mail.com,03/09/2022
25,Name25,Last25,509324545,user25@mail.com,20/05/2022
26,Name26,Last26,506301989,user26@mail.com,05/04/2024
27,Name27,Last27,508119624,user27@mail.com,04/06/2023
28,Name28,Last28,501541279,user28@mail.com,13/10/2022
29,Name29,Last29,504532489,user29@mail.com,01/02/2022
30,Name30,Last30,509279598,user30@mail.com,21/05/2024
31,Name31,Last31,505976770,user31@mail.com,21/01/2023
32,Name32,Last32,508951315,user32@mail.com,07/04/2023
33,Name33,Last33,503136639,user33@mail.com,04/12/2024
34,Name34,Last34,506549032,user34@mail.com,21/01/2023
35,Name35,Last35,507861486,user35@mail.com,10/10/2024
36,Name36,Last36,507500505,user36@mail.com,01/08/2024
37,Name37,Last37,505442561,user37@mail.com,30/10/2022
38,Name38,Last38,507963819,user38@mail.com,13/10/2023
39,Name39,Last39,506354337,user39@mail.com,14/12/2024
40,Name40,Last40,507661714,user40@mail.com,24/07/2024
41,Name41,Last41,509614683,user41@mail.com,03/01/2023
42,Name42,Last42,506407598,user42@mail.com,27/01/2022
43,Name43,Last43,508419805,user43@mail.com,01/07/2023
44,Name44,Last44,502126993,user44@mail.com,14/03/2022
45,Name45,Last45,502225455,user45@mail.com,09/03/2023
46,Name46,Last46,504909278,user46@mail.com,01/05/2024
47,Name47,Last47,507894184,user47@mail.com,16/06/2022
48,Name48,Last48,508354009,user48@mail.com,26/12/2022
49,Name49,Last49,504316143,user49@mail.com,20/10/2023
50,Name50,Last50,507344127,user50@mail.com,29/04/2024
51,Name51,Last51,508573374,user51@mail.com,25/03/2024
52,Name52,Last52,505668241,user52@mail.com,22/02/2022
53,Name53,Last53,508735864,user53@mail.com,14/08/2022
54,Name54,Last54,507905903,user54@mail.com,17/08/2024
55,Name55,Last55,506346143,user55@mail.com,29/01/2024
56,Name56,Last56,505952679,user56@mail.com,02/09/2023
57,Name57,Last57,504066444,user57@mail.com,29/11/2022
58,Name58,Last58,503073370,user58@mail.com,12/11/2023
59,Name59,Last59,507128557,user59@mail.com,17/11/2024
60,Name60,Last60,505980436,user60@mail.com,08/03/2022
61,Name61,Last61,507353170,user61@mail.com,09/05/2024
62,Name62,Last62,506000858,user62@mail.com,05/07/2022
63,Name63,Last63,504703991,user63@mail.com,12/10/2024
64,Name64,Last64,503519760,user64@mail.com,12/10/2022
65,Name65,Last65,508649469,user65@mail.com,26/09/2022
66,Name66,Last66,508582830,user66@mail.com,23/06/2024
67,Name67,Last67,501246676,user67@mail.com,04/12/2022
68,Name68,Last68,506874789,user68@mail.com,03/07/2024
69,Name69,Last69,509150652,user69@mail.com,26/11/2024
70,Name70,Last70,501545434,user70@mail.com,07/07/2024
71,Name71,Last71,503746354,user71@mail.com,21/10/2022
72,Name72,Last72,503284822,user72@mail.com,23/01/2023
73,Name73,Last73,508543059,user73@mail.com,19/03/2023
74,Name74,Last74,505253495,user74@mail.com,24/08/2022
75,Name75,Last75,509577312,user75@mail.com,06/09/2023
76,Name76,Last76,509723350,user76@mail.com,07/01/2023
77,Name77,Last77,509672323,user77@mail.com,21/06/2022
78,Name78,Last78,504970586,user78@mail.com,04/11/2023
79,Name79,Last79,506010822,user79@mail.com,22/10/2023
80,Name80,Last80,506698642,user80@mail.com,06/06/2023
81,Name81,Last81,503867621,user81@mail.com,26/11/2022
82,Name82,Last82,509593563,user82@mail.com,01/10/2023
83,Name83,Last83,508257146,user83@mail.com,26/09/2022
84,Name84,Last84,504164097,user84@mail.com,14/03/2022
85,Name85,Last85,506091938,user85@mail.com,08/11/2022
86,Name86,Last86,509794354,user86@mail.com,28/07/2022
87,Name87,Last87,504585101,user87@mail.com,26/01/2024
88,Name88,Last88,501787571,user88@mail.com,09/09/2024
89,Name89,Last89,505113906,user89@mail.com,29/10/2024
90,Name90,Last90,502014031,user90@mail.com,24/10/2022
91,Name91,Last91,509884316,user91@mail.com,14/01/2022
92,Name92,Last92,506104329,user92@mail.com,01/12/2022
93,Name93,Last93,504900498,user93@mail.com,06/09/2023
94,Name94,Last94,503500118,user94@mail.com,09/10/2023
95,Name95,Last95,506024370,user95@mail.com,19/02/2022
96,Name96,Last96,502957992,user96@mail.com,07/04/2023
97,Name97,Last97,508917337,user97@mail.com,02/06/2023
98,Name98,Last98,502195945,user98@mail.com,03/09/2024
99,Name99,Last99,506459247,user99@mail.com,15/02/2022
100,Name100,Last100,505506258,user100@mail.com,10/02/2023
101,Name101,Last101,504691941,user101@mail.com,06/11/2023
102,Name102,Last102,501659486,user102@mail.com,02/09/2022
103,Name103,Last103,508318770,user103@mail.com,27/05/2022
104,Name104,Last104,505425357,user104@mail.com,12/01/2022
105,Name105,Last105,508795706,user105@mail.com,13/05/2023
106,Name106,Last106,508134401,user106@mail.com,24/07/2022
107,Name107,Last107,508735915,user107@mail.com,04/02/2024
108,Name108,Last108,501622508,user108@mail.com,13/07/2023
109,Name109,Last109,508603693,user109@mail.com,01/09/2023
110,Name110,Last110,501868586,user110@mail.com,17/01/2022
111,Name111,Last111,504777980,user111@mail.com,21/09/2024
112,Name112,Last112,504168863,user112@mail.com,18/01/2022
113,Name113,Last113,507279957,user113@mail.com,08/06/2024
114,Name114,Last114,508009773,user114@mail.com,25/04/2022
115,Name115,Last115,502345077,user115@mail.com,28/02/2022
116,Name116,Last116,503604787,user116@mail.com,21/03/2024
117,Name117,Last117,501271708,user117@mail.com,31/08/2023
118,Name118,Last118,508466641,user118@mail.com,06/06/2024
119,Name119,Last119,501778877,user119@mail.com,06/09/2023
120,Name120,Last120,509181018,user120@mail.com,11/03/2024
121,Name121,Last121,507006076,user121@mail.com,22/01/2024
122,Name122,Last122,502094599,user122@mail.com,24/09/2023
123,Name123,Last123,501167454,user123@mail.com,15/10/2024
124,Name124,Last124,502724776,user124@mail.com,30/08/2023
125,Name125,Last125,504097951,user125@mail.com,11/03/2022
126,Name126,Last126,502237232,user126@mail.com,20/11/2023
127,Name127,Last127,506171819,user127@mail.com,18/10/2023
128,Name128,Last128,508025720,user128@mail.com,21/02/2022
129,Name129,Last129,501264807,user129@mail.com,30/11/2022
130,Name130,Last130,507392038,user130@mail.com,04/07/2023
131,Name131,Last131,504994298,user131@mail.com,06/03/2024
132,Name132,Last132,504806985,user132@mail.com,11/07/2024
133,Name133,Last133,504747402,user133@mail.com,11/02/2022
134,Name134,Last134,501142303,user134@mail.com,09/06/2024
135,Name135,Last135,502187974,user135@mail.com,16/11/2022
136,Name136,Last136,504613926,user136@mail.com,03/01/2024
137,Name137,Last137,502112896,user137@mail.com,15/10/2022
138,Name138,Last138,509884117,user138@mail.com,16/04/2022
139,Name139,Last139,503663164,user139@mail.com,21/11/2024
140,Name140,Last140,509867438,user140@mail.com,12/06/2022
141,Name141,Last141,508937810,user141@mail.com,16/11/2024
142,Name142,Last142,508662160,user142@mail.com,19/08/2023
143,Name143,Last143,509307120,user143@mail.com,10/01/2022
144,Name144,Last144,507936882,user144@mail.com,03/06/2023
145,Name145,Last145,505396520,user145@mail.com,26/04/2023
146,Name146,Last146,502836772,user146@mail.com,09/11/2022
147,Name147,Last147,504665512,user147@mail.com,08/12/2022
148,Name148,Last148,504589020,user148@mail.com,09/06/2022
149,Name149,Last149,509338250,user149@mail.com,15/05/2023
150,Name150,Last150,505245267,user150@mail.com,11/12/2022
151,Name151,Last151,503974082,user151@mail.com,05/12/2023
152,Name152,Last152,503871246,user152@mail.com,03/03/2024
153,Name153,Last153,502949186,user153@mail.com,25/06/2022
154,Name154,Last154,503131192,user154@mail.com,26/05/2024
155,Name155,Last155,501203435,user155@mail.com,14/07/2023
156,Name156,Last156,501570199,user156@mail.com,24/10/2024
157,Name157,Last157,504694142,user157@mail.com,04/04/2022
158,Name158,Last158,509028235,user158@mail.com,28/02/2022
159,Name159,Last159,509556545,user159@mail.com,04/06/2023
160,Name160,Last160,509124906,user160@mail.com,17/10/2023
161,Name161,Last161,503764014,user161@mail.com,20/03/2024
162,Name162,Last162,508140137,user162@mail.com,13/07/2023
163,Name163,Last163,508714936,user163@mail.com,25/06/2024
164,Name164,Last164,505642580,user164@mail.com,02/12/2024
165,Name165,Last165,501472773,user165@mail.com,08/02/2022
166,Name166,Last166,509091058,user166@mail.com,27/10/2023
167,Name167,Last167,502793219,user167@mail.com,10/09/2023
168,Name168,Last168,505708981,user168@mail.com,19/08/2022
169,Name169,Last169,505647643,user169@mail.com,28/12/2024
170,Name170,Last170,506409066,user170@mail.com,19/06/2022
171,Name171,Last171,508879109,user171@mail.com,23/06/2022
172,Name172,Last172,505849616,user172@mail.com,12/04/2022
173,Name173,Last173,506207972,user173@mail.com,25/11/2024
174,Name174,Last174,508058415,user174@mail.com,06/08/2024
175,Name175,Last175,501013877,user175@mail.com,15/10/2024
176,Name176,Last176,507760243,user176@mail.com,10/05/2024
177,Name177,Last177,505366083,user177@mail.com,26/07/2022
178,Name178,Last178,508761462,user178@mail.com,13/05/2022
179,Name179,Last179,506785601,user179@mail.com,28/10/2023
180,Name180,Last180,501364915,user180@mail.com,19/06/2022
181,Name181,Last181,504601301,user181@mail.com,30/04/2022
182,Name182,Last182,502049186,user182@mail.com,18/04/2024
183,Name183,Last183,504828180,user183@mail.com,14/07/2022
184,Name184,Last184,502862735,user184@mail.com,26/01/2023
185,Name185,Last185,509601744,user185@mail.com,20/11/2022
186,Name186,Last186,507120870,user186@mail.com,24/10/2023
187,Name187,Last187,501915116,user187@mail.com,12/09/2022
188,Name188,Last188,503208176,user188@mail.com,17/07/2023
189,Name189,Last189,507014614,user189@mail.com,22/06/2022
190,Name190,Last190,501769072,user190@mail.com,29/12/2024
191,Name191,Last191,506591692,user191@mail.com,04/09/2024
192,Name192,Last192,509899715,user192@mail.com,27/11/2022
193,Name193,Last193,503265485,user193@mail.com,01/06/2023
194,Name194,Last194,504617360,user194@mail.com,11/09/2023
195,Name195,Last195,503625565,user195@mail.com,04/08/2022
196,Name196,Last196,502188552,user196@mail.com,08/10/2024
197,Name197,Last197,503180302,user197@mail.com,05/12/2023
198,Name198,Last198,501227736,user198@mail.com,09/09/2023
199,Name199,Last199,502665443,user199@mail.com,21/09/2022
200,Name200,Last200,507465972,user200@mail.com,29/07/2024
201,Name201,Last201,503929313,user201@mail.com,24/03/2022
202,Name202,Last202,507082405,user202@mail.com,09/03/2024
203,Name203,Last203,507031375,user203@mail.com,06/07/2024
204,Name204,Last204,505100961,user204@mail.com,04/06/2024
205,Name205,Last205,506617784,user205@mail.com,26/05/2024
206,Name206,Last206,504097391,user206@mail.com,29/12/2022
207,Name207,Last207,507053789,user207@mail.com,01/04/2022
208,Name208,Last208,506985601,user208@mail.com,28/10/2023
209,Name209,Last209,502336851,user209@mail.com,16/02/2022
210,Name210,Last210,507047094,user210@mail.com,13/02/2022
211,Name211,Last211,508642810,user211@mail.com,08/02/2023
212,Name212,Last212,503359553,user212@mail.com,04/04/2024
213,Name213,Last213,506650653,user213@mail.com,02/05/2023
214,Name214,Last214,504901606,user214@mail.com,20/03/2023
215,Name215,Last215,506011479,user215@mail.com,16/07/2024
216,Name216,Last216,501895728,user216@mail.com,13/06/2024
217,Name217,Last217,506201548,user217@mail.com,08/08/2024
218,Name218,Last218,501995968,user218@mail.com,03/12/2022
219,Name219,Last219,507787467,user219@mail.com,15/06/2023
220,Name220,Last220,502622425,user220@mail.com,07/06/2024
221,Name221,Last221,502871578,user221@mail.com,22/01/2024
222,Name222,Last222,501592766,user222@mail.com,20/02/2022
223,Name223,Last223,508277921,user223@mail.com,28/01/2023
224,Name224,Last224,505030510,user224@mail.com,27/04/2023
225,Name225,Last225,505394897,user225@mail.com,18/03/2024
226,Name226,Last226,503420398,user226@mail.com,31/01/2023
227,Name227,Last227,506536162,user227@mail.com,12/07/2022
228,Name228,Last228,503701670,user228@mail.com,29/07/2023
229,Name229,Last229,504999717,user229@mail.com,18/02/2023
230,Name230,Last230,506419656,user230@mail.com,03/03/2022
231,Name231,Last231,503535008,user231@mail.com,11/05/2024
232,Name232,Last232,503805167,user232@mail.com,04/05/2022
233,Name233,Last233,507524621,user233@mail.com,15/04/2024
234,Name234,Last234,501269911,user234@mail.com,02/06/2024
235,Name235,Last235,503143726,user235@mail.com,30/04/2022
236,Name236,Last236,502515143,user236@mail.com,08/01/2024
237,Name237,Last237,504678731,user237@mail.com,10/03/2023
238,Name238,Last238,504494860,user238@mail.com,15/07/2023
239,Name239,Last239,504881251,user239@mail.com,03/11/2022
240,Name240,Last240,503031824,user240@mail.com,14/07/2023
241,Name241,Last241,501489733,user241@mail.com,25/05/2023
242,Name242,Last242,502782231,user242@mail.com,16/08/2022
243,Name243,Last243,502563351,user243@mail.com,13/07/2022
244,Name244,Last244,507887938,user244@mail.com,23/09/2022
245,Name245,Last245,505096642,user245@mail.com,21/07/2023
246,Name246,Last246,503639886,user246@mail.com,15/01/2024
247,Name247,Last247,502560859,user247@mail.com,21/01/2023
248,Name248,Last248,501231530,user248@mail.com,26/06/2022
249,Name249,Last249,509415924,user249@mail.com,03/05/2023
250,Name250,Last250,508767484,user250@mail.com,05/03/2023
251,Name251,Last251,509943161,user251@mail.com,31/05/2023
252,Name252,Last252,508194865,user252@mail.com,14/03/2024
253,Name253,Last253,507428896,user253@mail.com,21/06/2022
254,Name254,Last254,503723769,user254@mail.com,03/10/2024
255,Name255,Last255,506418976,user255@mail.com,05/06/2022
256,Name256,Last256,509634347,user256@mail.com,05/05/2023
257,Name257,Last257,506172143,user257@mail.com,08/06/2022
258,Name258,Last258,501121655,user258@mail.com,05/09/2022
259,Name259,Last259,507171529,user259@mail.com,09/03/2024
260,Name260,Last260,506914842,user260@mail.com,07/01/2022
261,Name261,Last261,505903033,user261@mail.com,12/10/2022
262,Name262,Last262,509458504,user262@mail.com,12/05/2024
263,Name263,Last263,506005520,user263@mail.com,18/03/2022
264,Name264,Last264,503187546,user264@mail.com,24/09/2023
265,Name265,Last265,501477643,user265@mail.com,06/05/2024
266,Name266,Last266,502661002,user266@mail.com,28/03/2024
267,Name267,Last267,505220207,user267@mail.com,06/03/2022
268,Name268,Last268,502191967,user268@mail.com,28/10/2024
269,Name269,Last269,509671641,user269@mail.com,19/09/2024
270,Name270,Last270,505918193,user270@mail.com,29/06/2022
271,Name271,Last271,509500719,user271@mail.com,14/01/2024
272,Name272,Last272,507902801,user272@mail.com,23/07/2023
273,Name273,Last273,504468092,user273@mail.com,10/08/2022
274,Name274,Last274,504968560,user274@mail.com,25/09/2023
275,Name275,Last275,502422183,user275@mail.com,01/01/2023
276,Name276,Last276,509782449,user276@mail.com,19/07/2024
277,Name277,Last277,505175484,user277@mail.com,17/02/2024
278,Name278,Last278,501056480,user278@mail.com,21/11/2024
279,Name279,Last279,504835616,user279@mail.com,17/09/2024
280,Name280,Last280,507010142,user280@mail.com,15/12/2023
281,Name281,Last281,504446928,user281@mail.com,16/08/2023
282,Name282,Last282,504612569,user282@mail.com,24/11/2023
283,Name283,Last283,505838806,user283@mail.com,17/08/2022
284,Name284,Last284,502802137,user284@mail.com,24/11/2023
285,Name285,Last285,506233156,user285@mail.com,08/12/2022
286,Name286,Last286,508676309,user286@mail.com,01/12/2023
287,Name287,Last287,501750301,user287@mail.com,22/07/2023
288,Name288,Last288,506784792,user288@mail.com,12/08/2022
289,Name289,Last289,508807778,user289@mail.com,11/05/2022
290,Name290,Last290,506576167,user290@mail.com,26/03/2024
291,Name291,Last291,508157906,user291@mail.com,10/05/2022
292,Name292,Last292,505826886,user292@mail.com,13/08/2023
293,Name293,Last293,505610865,user293@mail.com,02/12/2023
294,Name294,Last294,503934313,user294@mail.com,09/10/2022
295,Name295,Last295,507817915,user295@mail.com,20/03/2024
296,Name296,Last296,504683774,user296@mail.com,11/02/2022
297,Name297,Last297,505022171,user297@mail.com,09/06/2022
298,Name298,Last298,503798130,user298@mail.com,27/02/2023
299,Name299,Last299,501580096,user299@mail.com,10/06/2023
300,Name300,Last300,503234456,user300@mail.com,14/07/2023
301,Name301,Last301,502380939,user301@mail.com,13/09/2023
302,Name302,Last302,509740256,user302@mail.com,24/01/2024
303,Name303,Last303,506886129,user303@mail.com,17/01/2024
304,Name304,Last304,503430195,user304@mail.com,02/09/2023
305,Name305,Last305,505412526,user305@mail.com,19/06/2023
306,Name306,Last306,501400189,user306@mail.com,17/03/2023
307,Name307,Last307,501423536,user307@mail.com,12/04/2024
308,Name308,Last308,507209321,user308@mail.com,03/12/2024
309,Name309,Last309,506428808,user309@mail.com,18/02/2024
310,Name310,Last310,505812992,user310@mail.com,05/09/2023
311,Name311,Last311,501267865,user311@mail.com,03/11/2024
312,Name312,Last312,503984038,user312@mail.com,10/06/2022
313,Name313,Last313,504283249,user313@mail.com,27/01/2023
314,Name314,Last314,503260983,user314@mail.com,10/01/2022
315,Name315,Last315,504373951,user315@mail.com,28/11/2023
316,Name316,Last316,505486820,user316@mail.com,08/07/2024
317,Name317,Last317,507730122,user317@mail.com,19/08/2023
318,Name318,Last318,501368800,user318@mail.com,20/12/2023
319,Name319,Last319,506239544,user319@mail.com,12/05/2023
320,Name320,Last320,501142131,user320@mail.com,22/02/2022
321,Name321,Last321,508773254,user321@mail.com,14/07/2024
322,Name322,Last322,506145158,user322@mail.com,30/01/2024
323,Name323,Last323,505626138,user323@mail.com,04/11/2022
324,Name324,Last324,505673890,user324@mail.com,12/11/2022
325,Name325,Last325,505292222,user325@mail.com,03/05/2022
326,Name326,Last326,506447648,user326@mail.com,29/10/2022
327,Name327,Last327,504105129,user327@mail.com,20/07/2022
328,Name328,Last328,506580060,user328@mail.com,23/07/2022
329,Name329,Last329,502309693,user329@mail.com,02/09/2024
330,Name330,Last330,501746498,user330@mail.com,29/12/2022
331,Name331,Last331,509629874,user331@mail.com,11/12/2024
332,Name332,Last332,505721464,user332@mail.com,21/01/2024
333,Name333,Last333,501198107,user333@mail.com,21/01/2023
334,Name334,Last334,508578349,user334@mail.com,11/10/2024
335,Name335,Last335,501495966,user335@mail.com,03/11/2022
336,Name336,Last336,508236223,user336@mail.com,29/09/2024
337,Name337,Last337,507244601,user337@mail.com,13/11/2022
338,Name338,Last338,505489945,user338@mail.com,07/02/2024
339,Name339,Last339,505599529,user339@mail.com,27/07/2024
340,Name340,Last340,505620077,user340@mail.com,17/07/2024
341,Name341,Last341,504661249,user341@mail.com,13/09/2022
342,Name342,Last342,504135288,user342@mail.com,13/10/2022
343,Name343,Last343,508393212,user343@mail.com,08/01/2023
344,Name344,Last344,502359668,user344@mail.com,18/03/2022
345,Name345,Last345,504128384,user345@mail.com,21/01/2024
346,Name346,Last346,503817527,user346@mail.com,23/03/2023
347,Name347,Last347,507279648,user347@mail.com,31/03/2024
348,Name348,Last348,507927933,user348@mail.com,28/04/2024
349,Name349,Last349,505315556,user349@mail.com,07/11/2024
350,Name350,Last350,506260879,user350@mail.com,26/04/2023
351,Name351,Last351,506518018,user351@mail.com,27/05/2022
352,Name352,Last352,508717631,user352@mail.com,08/12/2024
353,Name353,Last353,504981296,user353@mail.com,29/01/2022
354,Name354,Last354,502741033,user354@mail.com,12/08/2023
355,Name355,Last355,508357356,user355@mail.com,06/06/2024
356,Name356,Last356,505749117,user356@mail.com,13/05/2024
357,Name357,Last357,507116595,user357@mail.com,07/11/2024
358,Name358,Last358,507929493,user358@mail.com,01/10/2022
359,Name359,Last359,501922560,user359@mail.com,14/06/2022
360,Name360,Last360,503576445,user360@mail.com,03/06/2024
361,Name361,Last361,501920866,user361@mail.com,25/12/2023
362,Name362,Last362,508606511,user362@mail.com,05/10/2023
363,Name363,Last363,501746409,user363@mail.com,25/01/2023
364,Name364,Last364,504703056,user364@mail.com,14/09/2023
365,Name365,Last365,504194208,user365@mail.com,23/02/2022
366,Name366,Last366,509812675,user366@mail.com,31/01/2023
367,Name367,Last367,504579115,user367@mail.com,07/11/2022
368,Name368,Last368,503212805,user368@mail.com,21/09/2024
369,Name369,Last369,502303939,user369@mail.com,07/11/2024
370,Name370,Last370,501160192,user370@mail.com,31/12/2022
371,Name371,Last371,502136421,user371@mail.com,18/02/2024
372,Name372,Last372,502150637,user372@mail.com,02/11/2024
373,Name373,Last373,502027293,user373@mail.com,06/06/2023
374,Name374,Last374,504915846,user374@mail.com,18/08/2022
375,Name375,Last375,509456760,user375@mail.com,30/04/2024
376,Name376,Last376,501826747,user376@mail.com,03/05/2022
377,Name377,Last377,503886694,user377@mail.com,29/01/2023
378,Name378,Last378,507662005,user378@mail.com,22/04/2024
379,Name379,Last379,506651718,user379@mail.com,20/08/2022
380,Name380,Last380,501478139,user380@mail.com,17/09/2024
381,Name381,Last381,501714741,user381@mail.com,21/08/2023
382,Name382,Last382,503836441,user382@mail.com,06/07/2022
383,Name383,Last383,506283904,user383@mail.com,18/03/2024
384,Name384,Last384,508043809,user384@mail.com,10/05/2024
385,Name385,Last385,504259820,user385@mail.com,30/05/2022
386,Name386,Last386,508553507,user386@mail.com,08/09/2023
387,Name387,Last387,502385308,user387@mail.com,27/11/2024
388,Name388,Last388,507311036,user388@mail.com,05/08/2022
389,Name389,Last389,503756663,user389@mail.com,01/05/2022
390,Name390,Last390,508791256,user390@mail.com,11/09/2024
391,Name391,Last391,503791720,user391@mail.com,08/01/2022
392,Name392,Last392,508824947,user392@mail.com,17/03/2023
393,Name393,Last393,503626756,user393@mail.com,07/02/2023
394,Name394,Last394,506798969,user394@mail.com,21/12/2024
395,Name395,Last395,507589238,user395@mail.com,27/06/2023
396,Name396,Last396,501017733,user396@mail.com,14/10/2022
397,Name397,Last397,503498211,user397@mail.com,28/07/2023
398,Name398,Last398,504457118,user398@mail.com,30/10/2024
399,Name399,Last399,509953137,user399@mail.com,02/11/2024
400,Name400,Last400,509268318,user400@mail.com,14/02/2022
